step,energy,theta0,theta1,theta2,theta3,theta4,theta5
0,-1.10245451375218,0.2,-0.3,0.1,0.05,0.0,0.0
1,-1.10245451375218,0.2,-0.3,0.1,0.05,0.0,0.0
2,-0.8687209209423349,1.2,-0.3,0.1,0.05,0.0,0.0
3,-0.792774340226516,-1.418034,-0.3,0.1,0.05,0.0,0.0
4,-1.0785428180595327,-0.418033974844,-0.3,0.1,0.05,0.0,0.0
5,-1.047412008308733,0.581966,-0.3,0.1,0.05,0.0,0.0
6,-1.1102896739419517,-0.003187122824008598,-0.3,0.1,0.05,0.0,0.0
7,-1.1102898173942548,-0.005218994062248683,-0.3,0.1,0.05,0.0,0.0
8,-1.1102883848041198,-0.0072711840128711624,-0.3,0.1,0.05,0.0,0.0
9,-1.1102898173942548,-0.005218994062248683,-0.3,0.1,0.05,0.0,0.0
10,-0.9417316735322722,-0.005218994062248683,0.7,0.1,0.05,0.0,0.0
11,-1.2360186946575336,-0.005218994062248683,-1.918034,0.1,0.05,0.0,0.0
12,-1.2109992269544962,-0.005218994062248683,-2.2285873216136878,0.1,0.05,0.0,0.0
13,-1.2359281851431363,-0.005218994062248683,-1.300000025156,0.1,0.05,0.0,0.0
14,-1.2440734956586188,-0.005218994062248683,-1.6819660347647367,0.1,0.05,0.0,0.0
15,-1.2445439305104313,-0.005218994062248683,-1.6098332167795912,0.1,0.05,0.0,0.0
16,-1.2445283946986188,-0.005218994062248683,-1.5967348846017952,0.1,0.05,0.0,0.0
17,-1.2445284241206729,-0.005218994062248683,-1.6229315489573872,0.1,0.05,0.0,0.0
18,-1.2445439305104313,-0.005218994062248683,-1.6098332167795912,0.1,0.05,0.0,0.0
19,-1.2408342344452246,-0.005218994062248683,-1.6098332167795912,1.1,0.05,0.0,0.0
20,-1.2379762371871181,-0.005218994062248683,-1.6098332167795912,-1.5180339999999999,0.05,0.0,0.0
21,-1.243644093225575,-0.005218994062248683,-1.6098332167795912,-0.518033974844,0.05,0.0,0.0
22,-1.2438068212413504,-0.005218994062248683,-1.6098332167795912,0.481966,0.05,0.0,0.0
23,-1.2445741456534118,-0.005218994062248683,-1.6098332167795912,0.005997361485127473,0.05,0.0,0.0
24,-1.2445741393220167,-0.005218994062248683,-1.6098332167795912,0.005057335089978743,0.05,0.0,0.0
25,-1.244574145871877,-0.005218994062248683,-1.6098332167795912,0.006937387880276202,0.05,0.0,0.0
26,-1.2445696684543763,-0.005218994062248683,-1.6098332167795912,0.04248414158119863,0.05,0.0,0.0
27,-1.2445741400666144,-0.005218994062248683,-1.6098332167795912,0.00786801401147344,0.05,0.0,0.0
28,-1.244574145871877,-0.005218994062248683,-1.6098332167795912,0.006937387880276202,0.05,0.0,0.0
29,-1.1597604352263018,-0.005218994062248683,-1.6098332167795912,0.006937387880276202,1.05,0.0,0.0
30,-1.0570614603930468,-0.005218994062248683,-1.6098332167795912,0.006937387880276202,-1.568034,0.0,0.0
31,-1.2122394863695038,-0.005218994062248683,-1.6098332167795912,0.006937387880276202,-0.568033974844,0.0,0.0
32,-1.2308073350320503,-0.005218994062248683,-1.6098332167795912,0.006937387880276202,0.431966,0.0,0.0
33,-1.244584276582454,-0.005218994062248683,-1.6098332167795912,0.006937387880276202,0.037034658972548345,0.0,0.0
34,-1.2445846999512984,-0.005218994062248683,-1.6098332167795912,0.006937387880276202,0.039141526778380044,0.0,0.0
35,-1.244584700008173,-0.005218994062248683,-1.6098332167795912,0.006937387880276202,0.039250111520596244,0.0,0.0
36,-1.2445846979630646,-0.005218994062248683,-1.6098332167795912,0.006937387880276202,0.03935761041539028,0.0,0.0
37,-1.244584700008173,-0.005218994062248683,-1.6098332167795912,0.006937387880276202,0.039250111520596244,0.0,0.0
38,-1.239438291386976,-0.005218994062248683,-1.6098332167795912,0.006937387880276202,0.039250111520596244,1.0,0.0
39,-1.2328608591921664,-0.005218994062248683,-1.6098332167795912,0.006937387880276202,0.039250111520596244,-1.618034,0.0
40,-1.242513802697973,-0.005218994062248683,-1.6098332167795912,0.006937387880276202,0.039250111520596244,-0.618033974844,0.0
41,-1.2437779022216142,-0.005218994062248683,-1.6098332167795912,0.006937387880276202,0.039250111520596244,0.381966,0.0
42,-1.244584669419159,-0.005218994062248683,-1.6098332167795912,0.006937387880276202,0.039250111520596244,-0.002337662807924086,0.0
43,-1.2445847000070398,-0.005218994062248683,-1.6098332167795912,0.006937387880276202,0.039250111520596244,1.4226437424474569e-05,0.0
44,-1.244584700008173,-0.005218994062248683,-1.6098332167795912,0.006937387880276202,0.039250111520596244,-1.167911278559888e-09,0.0
45,-1.244584700008173,-0.005218994062248683,-1.6098332167795912,0.006937387880276202,0.039250111520596244,-5.83955639279944e-10,0.0
46,-1.244584700008173,-0.005218994062248683,-1.6098332167795912,0.006937387880276202,0.039250111520596244,-8.07006838993147e-10,0.0
47,-1.244584700008173,-0.005218994062248683,-1.6098332167795912,0.006937387880276202,0.039250111520596244,-9.448600641566968e-10,0.0
48,-1.244584700008173,-0.005218994062248683,-1.6098332167795912,0.006937387880276202,0.039250111520596244,-1.030058044317426e-09,0.0
49,-1.244584700008173,-0.005218994062248683,-1.6098332167795912,0.006937387880276202,0.039250111520596244,-1.0827132927880822e-09,0.0
50,-1.244584700008173,-0.005218994062248683,-1.6098332167795912,0.006937387880276202,0.039250111520596244,-1.1152560266213957e-09,0.0
51,-1.244584700008173,-0.005218994062248683,-1.6098332167795912,0.006937387880276202,0.039250111520596244,-1.1364085868876096e-09,0.0
52,-1.244584700008173,-0.005218994062248683,-1.6098332167795912,0.006937387880276202,0.039250111520596244,-1.1364085868876096e-09,0.0
53,-1.2393605431147632,-0.005218994062248683,-1.6098332167795912,0.006937387880276202,0.039250111520596244,-1.1364085868876096e-09,1.0
54,-1.2326837438012423,-0.005218994062248683,-1.6098332167795912,0.006937387880276202,0.039250111520596244,-1.1364085868876096e-09,-1.618034
55,-1.2424825170696663,-0.005218994062248683,-1.6098332167795912,0.006937387880276202,0.039250111520596244,-1.1364085868876096e-09,-0.618033974844
56,-1.243765713692791,-0.005218994062248683,-1.6098332167795912,0.006937387880276202,0.039250111520596244,-1.1364085868876096e-09,0.381966
57,-1.244584668957042,-0.005218994062248683,-1.6098332167795912,0.006937387880276202,0.039250111520596244,-1.1364085868876096e-09,-0.0023376639185729822
58,-1.244584700007023,-0.005218994062248683,-1.6098332167795912,0.006937387880276202,0.039250111520596244,-1.1364085868876096e-09,1.4225322353234981e-05
59,-1.244584700008173,-0.005218994062248683,-1.6098332167795912,0.006937387880276202,0.039250111520596244,-1.1364085868876096e-09,-7.916203585374497e-10
60,-1.244584700008173,-0.005218994062248683,-1.6098332167795912,0.006937387880276202,0.039250111520596244,-1.1364085868876096e-09,-3.9581017926872485e-10
61,-1.244584700008173,-0.005218994062248683,-1.6098332167795912,0.006937387880276202,0.039250111520596244,-1.1364085868876096e-09,-5.469962102032827e-10
62,-1.244584700008173,-0.005218994062248683,-1.6098332167795912,0.006937387880276202,0.039250111520596244,-1.1364085868876096e-09,-6.404343176458912e-10
63,-1.244584700008173,-0.005218994062248683,-1.6098332167795912,0.006937387880276202,0.039250111520596244,-1.1364085868876096e-09,-6.981822449410762e-10
64,-1.244584700008173,-0.005218994062248683,-1.6098332167795912,0.006937387880276202,0.039250111520596244,-1.1364085868876096e-09,-7.338724274390286e-10
65,-1.244584700008173,-0.005218994062248683,-1.6098332167795912,0.006937387880276202,0.039250111520596244,-1.1364085868876096e-09,-7.559301736889681e-10
66,-1.244584700008173,-0.005218994062248683,-1.6098332167795912,0.006937387880276202,0.039250111520596244,-1.1364085868876096e-09,-7.734894754258578e-10
67,-1.1151172085692196,-0.21043798812449738,-2.9196664335591827,-0.0861252242394476,0.028500223041192485,-2.2728171737752193e-09,-1.5469789508517157e-09
68,-1.244584700008173,-0.005218994062248683,-1.6098332167795912,0.006937387880276202,0.039250111520596244,-1.1364085868876096e-09,-7.734894754258578e-10
69,-1.2534668604635104,0.9947810059377513,-1.6098332167795912,0.006937387880276202,0.039250111520596244,-1.1364085868876096e-09,-7.734894754258578e-10
70,-1.2810255289732866,2.612815005937751,-1.6098332167795912,0.006937387880276202,0.039250111520596244,-1.1364085868876096e-09,-7.734894754258578e-10
71,-1.254479756528061,5.230849031093751,-1.6098332167795912,0.006937387880276202,0.039250111520596244,-1.1364085868876096e-09,-7.734894754258578e-10
72,-1.2815941805067632,3.6128149903904876,-1.6098332167795912,0.006937387880276202,0.039250111520596244,-1.1364085868876096e-09,-7.734894754258578e-10
73,-1.273236272950989,4.23084898078175,-1.6098332167795912,0.006937387880276202,0.039250111520596244,-1.1364085868876096e-09,-7.734894754258578e-10
74,-1.283712696957616,3.14546102272178,-1.6098332167795912,0.006937387880276202,0.039250111520596244,-1.1364085868876096e-09,-7.734894754258578e-10
75,-1.28370442214619,3.11395422254394,-1.6098332167795912,0.006937387880276202,0.039250111520596244,-1.1364085868876096e-09,-7.734894754258578e-10
76,-1.2837015524202235,3.1769678228996203,-1.6098332167795912,0.006937387880276202,0.039250111520596244,-1.1364085868876096e-09,-7.734894754258578e-10
77,-1.283712696957616,3.14546102272178,-1.6098332167795912,0.006937387880276202,0.039250111520596244,-1.1364085868876096e-09,-7.734894754258578e-10
78,-0.5164443976709044,3.14546102272178,-0.6098332167795912,0.006937387880276202,0.039250111520596244,-1.1364085868876096e-09,-7.734894754258578e-10
79,-1.8080428050977997,3.14546102272178,-3.2278672167795914,0.006937387880276202,0.039250111520596244,-1.1364085868876096e-09,-7.734894754258578e-10
80,-1.7584708661186643,3.14546102272178,-3.3759308007737254,0.006937387880276202,0.039250111520596244,-1.1364085868876096e-09,-7.734894754258578e-10
81,-1.8279184137506104,3.14546102272178,-2.609833241935591,0.006937387880276202,0.039250111520596244,-1.1364085868876096e-09,-7.734894754258578e-10
82,-1.6903710782101111,3.14546102272178,-2.2278672323268545,0.006937387880276202,0.039250111520596244,-1.1364085868876096e-09,-7.734894754258578e-10
83,-1.857263172872084,3.14546102272178,-2.877858076673229,0.006937387880276202,0.039250111520596244,-1.1364085868876096e-09,-7.734894754258578e-10
84,-1.8572073322428915,3.14546102272178,-2.890538325282165,0.006937387880276202,0.039250111520596244,-1.1364085868876096e-09,-7.734894754258578e-10
85,-1.8571877844620037,3.14546102272178,-2.8651778280642928,0.006937387880276202,0.039250111520596244,-1.1364085868876096e-09,-7.734894754258578e-10
86,-1.857263172872084,3.14546102272178,-2.877858076673229,0.006937387880276202,0.039250111520596244,-1.1364085868876096e-09,-7.734894754258578e-10
87,-1.681954004864428,3.14546102272178,-2.877858076673229,1.006937387880276,0.039250111520596244,-1.1364085868876096e-09,-7.734894754258578e-10
88,-1.4653742722842729,3.14546102272178,-2.877858076673229,-1.6110966121197237,0.039250111520596244,-1.1364085868876096e-09,-7.734894754258578e-10
89,-1.78907328175109,3.14546102272178,-2.877858076673229,-0.6110965869637238,0.039250111520596244,-1.1364085868876096e-09,-7.734894754258578e-10
90,-1.8291626110632877,3.14546102272178,-2.877858076673229,0.38890338788027623,0.039250111520596244,-1.1364085868876096e-09,-7.734894754258578e-10
91,-1.8572709632827318,3.14546102272178,-2.877858076673229,-0.0021000289905419196,0.039250111520596244,-1.1364085868876096e-09,-7.734894754258578e-10
92,-1.8572718998603046,3.14546102272178,-2.877858076673229,0.00010077738403072023,0.039250111520596244,-1.1364085868876096e-09,-7.734894754258578e-10
93,-1.8572718997368063,3.14546102272178,-2.877858076673229,0.00016914349899317498,0.039250111520596244,-1.1364085868876096e-09,-7.734894754258578e-10
94,-1.857271898223263,3.14546102272178,-2.877858076673229,3.241126906826548e-05,0.039250111520596244,-1.1364085868876096e-09,-7.734894754258578e-10
95,-1.8572718998603046,3.14546102272178,-2.877858076673229,0.00010077738403072023,0.039250111520596244,-1.1364085868876096e-09,-7.734894754258578e-10
96,-1.4827278302535323,3.14546102272178,-2.877858076673229,0.00010077738403072023,1.0392501115205963,-1.1364085868876096e-09,-7.734894754258578e-10
97,-1.0017799404551155,3.14546102272178,-2.877858076673229,0.00010077738403072023,-1.5787838884794037,-1.1364085868876096e-09,-7.734894754258578e-10
98,-1.7058459844029203,3.14546102272178,-2.877858076673229,0.00010077738403072023,-0.5787838633234038,-1.1364085868876096e-09,-7.734894754258578e-10
99,-1.7987413939879062,3.14546102272178,-2.877858076673229,0.00010077738403072023,0.4212161115205963,-1.1364085868876096e-09,-7.734894754258578e-10
100,-1.8572700092899814,3.14546102272178,-2.877858076673229,0.00010077738403072023,0.037846477266937704,-1.1364085868876096e-09,-7.734894754258578e-10
101,-1.8572722667963646,3.14546102272178,-2.877858076673229,0.00010077738403072023,0.04021849377983322,-1.1364085868876096e-09,-7.734894754258578e-10
102,-1.8572722669585322,3.14546102272178,-2.877858076673229,0.00010077738403072023,0.04019855962963391,-1.1364085868876096e-09,-7.734894754258578e-10
103,-1.857272266921824,3.14546102272178,-2.877858076673229,0.00010077738403072023,0.04018907513854353,-1.1364085868876096e-09,-7.734894754258578e-10
104,-1.8572722669218198,3.14546102272178,-2.877858076673229,0.00010077738403072023,0.04020804412072428,-1.1364085868876096e-09,-7.734894754258578e-10
105,-1.8572722669585322,3.14546102272178,-2.877858076673229,0.00010077738403072023,0.04019855962963391,-1.1364085868876096e-09,-7.734894754258578e-10
106,-1.68407814131832,3.14546102272178,-2.877858076673229,0.00010077738403072023,0.04019855962963391,0.9999999988635914,-7.734894754258578e-10
107,-1.4627252118794043,3.14546102272178,-2.877858076673229,0.00010077738403072023,0.04019855962963391,-1.6180340011364085,-7.734894754258578e-10
108,-1.7875795399789003,3.14546102272178,-2.877858076673229,0.00010077738403072023,0.04019855962963391,-0.6180339759804087,-7.734894754258578e-10
109,-1.8301207819204122,3.14546102272178,-2.877858076673229,0.00010077738403072023,0.04019855962963391,0.38196599886359145,-7.734894754258578e-10
110,-1.857271237534315,3.14546102272178,-2.877858076673229,0.00010077738403072023,0.04019855962963391,-0.0023376628202683705,-7.734894754258578e-10
111,-1.857272266920406,3.14546102272178,-2.877858076673229,0.00010077738403072023,0.04019855962963391,1.4226459261473909e-05,-7.734894754258578e-10
112,-1.8572722669585322,3.14546102272178,-2.877858076673229,0.00010077738403072023,0.04019855962963391,1.8242506368411115e-11,-7.734894754258578e-10
113,-1.8572722669585322,3.14546102272178,-2.877858076673229,0.00010077738403072023,0.04019855962963391,-5.590830402595993e-10,-7.734894754258578e-10
114,-1.8572722669585322,3.14546102272178,-2.877858076673229,0.00010077738403072023,0.04019855962963391,-7.796017700029138e-10,-7.734894754258578e-10
115,-1.8572722669585322,3.14546102272178,-2.877858076673229,0.00010077738403072023,0.04019855962963391,-9.158898426210936e-10,-7.734894754258578e-10
116,-1.8572722669585322,3.14546102272178,-2.877858076673229,0.00010077738403072023,0.04019855962963391,-1.0001205052935976e-09,-7.734894754258578e-10
117,-1.8572722669585322,3.14546102272178,-2.877858076673229,0.00010077738403072023,0.04019855962963391,-1.052177918667736e-09,-7.734894754258578e-10
118,-1.8572722669585322,3.14546102272178,-2.877858076673229,0.00010077738403072023,0.04019855962963391,-1.0843511700850082e-09,-7.734894754258578e-10
119,-1.8572722669585322,3.14546102272178,-2.877858076673229,0.00010077738403072023,0.04019855962963391,-1.1042353333514306e-09,-7.734894754258578e-10
120,-1.8572722669585322,3.14546102272178,-2.877858076673229,0.00010077738403072023,0.04019855962963391,-1.116524422311631e-09,-7.734894754258578e-10
121,-1.8572722669585322,3.14546102272178,-2.877858076673229,0.00010077738403072023,0.04019855962963391,-1.116524422311631e-09,-7.734894754258578e-10
122,-1.6840794491446038,3.14546102272178,-2.877858076673229,0.00010077738403072023,0.04019855962963391,-1.116524422311631e-09,0.9999999992265105
123,-1.4627281915856913,3.14546102272178,-2.877858076673229,0.00010077738403072023,0.04019855962963391,-1.116524422311631e-09,-1.6180340007734895
124,-1.7875800663684853,3.14546102272178,-2.877858076673229,0.00010077738403072023,0.04019855962963391,-1.116524422311631e-09,-0.6180339756174895
125,-1.8301209869144235,3.14546102272178,-2.877858076673229,0.00010077738403072023,0.04019855962963391,-1.116524422311631e-09,0.38196599922651053
126,-1.8572712375420941,3.14546102272178,-2.877858076673229,0.00010077738403072023,0.04019855962963391,-1.116524422311631e-09,-0.0023376628124811196
127,-1.8572722669204065,3.14546102272178,-2.877858076673229,0.00010077738403072023,0.04019855962963391,-1.116524422311631e-09,1.4226459153021992e-05
128,-1.8572722669585322,3.14546102272178,-2.877858076673229,0.00010077738403072023,0.04019855962963391,-1.116524422311631e-09,4.713015852258058e-11
129,-1.8572722669585322,3.14546102272178,-2.877858076673229,0.00010077738403072023,0.04019855962963391,-1.116524422311631e-09,-3.631796584516386e-10
130,-1.8572722669585322,3.14546102272178,-2.877858076673229,0.00010077738403072023,0.04019855962963391,-1.116524422311631e-09,-5.199040580020132e-10
131,-1.8572722669585322,3.14546102272178,-2.877858076673229,0.00010077738403072023,0.04019855962963391,-1.116524422311631e-09,-6.167650655537295e-10
132,-1.8572722669585322,3.14546102272178,-2.877858076673229,0.00010077738403072023,0.04019855962963391,-1.116524422311631e-09,-6.766284614949468e-10
133,-1.8572722669585322,3.14546102272178,-2.877858076673229,0.00010077738403072023,0.04019855962963391,-1.116524422311631e-09,-7.136260755420812e-10
134,-1.8572722669585322,3.14546102272178,-2.877858076673229,0.00010077738403072023,0.04019855962963391,-1.116524422311631e-09,-7.364918589420878e-10
135,-1.8572722669585322,3.14546102272178,-2.877858076673229,0.00010077738403072023,0.04019855962963391,-1.116524422311631e-09,-7.506236905199275e-10
136,-1.8572722669585322,3.14546102272178,-2.877858076673229,0.00010077738403072023,0.04019855962963391,-1.116524422311631e-09,-7.608523483689868e-10
137,-0.915122915481969,6.296141039505809,-4.145882936566867,-0.006735833112214762,0.041147007738671575,-1.0966402577356522e-09,-7.482152213121158e-10
138,-1.8572722669585322,3.14546102272178,-2.877858076673229,0.00010077738403072023,0.04019855962963391,-1.116524422311631e-09,-7.608523483689868e-10
139,-1.6861039940553812,4.14546102272178,-2.877858076673229,0.00010077738403072023,0.04019855962963391,-1.116524422311631e-09,-7.608523483689868e-10
140,-1.471506803230375,1.52742702272178,-2.877858076673229,0.00010077738403072023,0.04019855962963391,-1.116524422311631e-09,-7.608523483689868e-10
141,-1.7897065769054736,2.5274270478777803,-2.877858076673229,0.00010077738403072023,0.04019855962963391,-1.116524422311631e-09,-7.608523483689868e-10
142,-1.8300942382720777,3.5274270227217803,-2.877858076673229,0.00010077738403072023,0.04019855962963391,-1.116524422311631e-09,-7.608523483689868e-10
143,-1.8572740693901768,3.139318725188447,-2.877858076673229,0.00010077738403072023,0.04019855962963391,-1.116524422311631e-09,-7.608523483689868e-10
144,-1.857275028272802,3.1415862508032433,-2.877858076673229,0.00010077738403072023,0.04019855962963391,-1.116524422311631e-09,-7.608523483689868e-10
145,-1.8572750281379382,3.1416249985324285,-2.877858076673229,0.00010077738403072023,0.04019855962963391,-1.116524422311631e-09,-7.608523483689868e-10
146,-1.857275027852549,3.141547503074058,-2.877858076673229,0.00010077738403072023,0.04019855962963391,-1.116524422311631e-09,-7.608523483689868e-10
147,-1.857275028272802,3.1415862508032433,-2.877858076673229,0.00010077738403072023,0.04019855962963391,-1.116524422311631e-09,-7.608523483689868e-10
148,-1.4820787710759031,3.1415862508032433,-1.877858076673229,0.00010077738403072023,0.04019855962963391,-1.116524422311631e-09,-7.608523483689868e-10
149,-1.0025521449186445,3.1415862508032433,-4.495892076673229,0.00010077738403072023,0.04019855962963391,-1.116524422311631e-09,-7.608523483689868e-10
150,-1.7062965961329706,3.1415862508032433,-3.495892051517229,0.00010077738403072023,0.04019855962963391,-1.116524422311631e-09,-7.608523483689868e-10
151,-1.7984560461034986,3.1415862508032433,-2.495892076673229,0.00010077738403072023,0.04019855962963391,-1.116524422311631e-09,-7.608523483689868e-10
152,-1.8572727981643264,3.1415862508032433,-2.880194772935403,0.00010077738403072023,0.04019855962963391,-1.116524422311631e-09,-7.608523483689868e-10
153,-1.8572750281905321,3.1415862508032433,-2.8778428627326362,0.00010077738403072023,0.04019855962963391,-1.116524422311631e-09,-7.608523483689868e-10
154,-1.8572750282731956,3.1415862508032433,-2.877857095114595,0.00010077738403072023,0.04019855962963391,-1.116524422311631e-09,-7.608523483689868e-10
155,-1.8572750282731953,3.1415862508032433,-2.8778570852890084,0.00010077738403072023,0.04019855962963391,-1.116524422311631e-09,-7.608523483689868e-10
156,-1.8572750282731953,3.1415862508032433,-2.87785711665557,0.00010077738403072023,0.04019855962963391,-1.116524422311631e-09,-7.608523483689868e-10
157,-1.8572750282731953,3.1415862508032433,-2.877857104940181,0.00010077738403072023,0.04019855962963391,-1.116524422311631e-09,-7.608523483689868e-10
158,-1.8572750282731956,3.1415862508032433,-2.877857095114595,0.00010077738403072023,0.04019855962963391,-1.116524422311631e-09,-7.608523483689868e-10
159,-1.684048949144244,3.1415862508032433,-2.877857095114595,1.0001007773840307,0.04019855962963391,-1.116524422311631e-09,-7.608523483689868e-10
160,-1.462766135002808,3.1415862508032433,-2.877857095114595,-1.6179332226159693,0.04019855962963391,-1.116524422311631e-09,-7.608523483689868e-10
161,-1.7876043770190073,3.1415862508032433,-2.877857095114595,-0.6179331974599693,0.04019855962963391,-1.116524422311631e-09,-7.608523483689868e-10
162,-1.8301093697696098,3.1415862508032433,-2.877857095114595,0.3820667773840307,0.04019855962963391,-1.116524422311631e-09,-7.608523483689868e-10
163,-1.8572740021301466,3.1415862508032433,-2.877857095114595,-0.0023363408967573174,0.04019855962963391,-1.116524422311631e-09,-7.608523483689868e-10
164,-1.8572750301599004,3.1415862508032433,-2.877857095114595,1.3391556831376426e-05,0.04019855962963391,-1.116524422311631e-09,-7.608523483689868e-10
165,-1.8572750301948113,3.1415862508032433,-2.877857095114595,-2.218424003492213e-07,0.04019855962963391,-1.116524422311631e-09,-7.608523483689868e-10
166,-1.8572750301946195,3.1415862508032433,-2.877857095114595,7.881598639614715e-07,0.04019855962963391,-1.116524422311631e-09,-7.608523483689868e-10
167,-1.857275030194619,3.1415862508032433,-2.877857095114595,-1.231844664659914e-06,0.04019855962963391,-1.116524422311631e-09,-7.608523483689868e-10
168,-1.8572750301948113,3.1415862508032433,-2.877857095114595,-2.218424003492213e-07,0.04019855962963391,-1.116524422311631e-09,-7.608523483689868e-10
169,-1.4820780983762303,3.1415862508032433,-2.877857095114595,-2.218424003492213e-07,1.040198559629634,-1.116524422311631e-09,-7.608523483689868e-10
170,-1.0025529445270445,3.1415862508032433,-2.877857095114595,-2.218424003492213e-07,-1.577835440370366,-1.116524422311631e-09,-7.608523483689868e-10
171,-1.7062970616095812,3.1415862508032433,-2.877857095114595,-2.218424003492213e-07,-0.5778354152143661,-1.116524422311631e-09,-7.608523483689868e-10
172,-1.798455749448108,3.1415862508032433,-2.877857095114595,-2.218424003492213e-07,0.42216455962963395,-1.116524422311631e-09,-7.608523483689868e-10
173,-1.8572728001145287,3.1415862508032433,-2.877857095114595,-2.218424003492213e-07,0.03786089739356044,-1.116524422311631e-09,-7.608523483689868e-10
174,-1.857275030112217,3.1415862508032433,-2.877857095114595,-2.218424003492213e-07,0.040212786661293055,-1.116524422311631e-09,-7.608523483689868e-10
175,-1.8572750301948113,3.1415862508032433,-2.877857095114595,-2.218424003492213e-07,0.040198560200993584,-1.116524422311631e-09,-7.608523483689868e-10
176,-1.8572750301948113,3.1415862508032433,-2.877857095114595,-2.218424003492213e-07,0.04019855991531374,-1.116524422311631e-09,-7.608523483689868e-10
177,-1.8572750301948113,3.1415862508032433,-2.877857095114595,-2.218424003492213e-07,0.04019855980619376,-1.116524422311631e-09,-7.608523483689868e-10
178,-1.8572750301948113,3.1415862508032433,-2.877857095114595,-2.218424003492213e-07,0.0401985597387539,-1.116524422311631e-09,-7.608523483689868e-10
179,-1.857275030194811,3.1415862508032433,-2.877857095114595,-2.218424003492213e-07,0.040198559697073775,-1.116524422311631e-09,-7.608523483689868e-10
180,-1.857275030194811,3.1415862508032433,-2.877857095114595,-2.218424003492213e-07,0.040198559764513635,-1.116524422311631e-09,-7.608523483689868e-10
181,-1.8572750301948115,3.1415862508032433,-2.877857095114595,-2.218424003492213e-07,0.04019855972283351,-1.116524422311631e-09,-7.608523483689868e-10
182,-1.857275030194811,3.1415862508032433,-2.877857095114595,-2.218424003492213e-07,0.04019855971190151,-1.116524422311631e-09,-7.608523483689868e-10
183,-1.8572750301948115,3.1415862508032433,-2.877857095114595,-2.218424003492213e-07,0.04019855972283351,-1.116524422311631e-09,-7.608523483689868e-10
184,-1.684080970266981,3.1415862508032433,-2.877857095114595,-2.218424003492213e-07,0.04019855972283351,0.9999999988834756,-7.608523483689868e-10
185,-1.462728124834537,3.1415862508032433,-2.877857095114595,-2.218424003492213e-07,0.04019855972283351,-1.6180340011165244,-7.608523483689868e-10
186,-1.787582329664525,3.1415862508032433,-2.877857095114595,-2.218424003492213e-07,0.04019855972283351,-0.6180339759605245,-7.608523483689868e-10
187,-1.83012355545655,3.1415862508032433,-2.877857095114595,-2.218424003492213e-07,0.04019855972283351,0.3819659988834756,-7.608523483689868e-10
188,-1.8572740007709851,3.1415862508032433,-2.877857095114595,-2.218424003492213e-07,0.04019855972283351,-0.0023376628200465063,-7.608523483689868e-10
189,-1.8572750301566856,3.1415862508032433,-2.877857095114595,-2.218424003492213e-07,0.04019855972283351,1.4226459155832703e-05,-7.608523483689868e-10
190,-1.8572750301948115,3.1415862508032433,-2.877857095114595,-2.218424003492213e-07,0.04019855972283351,5.6629759949716524e-11,-7.608523483689868e-10
191,-1.8572750301948115,3.1415862508032433,-2.877857095114595,-2.218424003492213e-07,0.04019855972283351,-5.299473311809572e-10,-7.608523483689868e-10
192,-1.8572750301948115,3.1415862508032433,-2.877857095114595,-2.218424003492213e-07,0.04019855972283351,-7.539998363717761e-10,-7.608523483689868e-10
193,-1.8572750301948115,3.1415862508032433,-2.877857095114595,-2.218424003492213e-07,0.04019855972283351,-8.924719023648787e-10,-7.608523483689868e-10
194,-1.8572750301948115,3.1415862508032433,-2.877857095114595,-2.218424003492213e-07,0.04019855972283351,-9.780523471988598e-10,-7.608523483689868e-10
195,-1.8572750301948115,3.1415862508032433,-2.877857095114595,-2.218424003492213e-07,0.04019855972283351,-1.0309439718413846e-09,-7.608523483689868e-10
196,-1.8572750301948115,3.1415862508032433,-2.877857095114595,-2.218424003492213e-07,0.04019855972283351,-1.0636327941857026e-09,-7.608523483689868e-10
197,-1.8572750301948115,3.1415862508032433,-2.877857095114595,-2.218424003492213e-07,0.04019855972283351,-1.083835597814451e-09,-7.608523483689868e-10
198,-1.8572750301948115,3.1415862508032433,-2.877857095114595,-2.218424003492213e-07,0.04019855972283351,-1.0963216173523408e-09,-7.608523483689868e-10
199,-1.8572750301948115,3.1415862508032433,-2.877857095114595,-2.218424003492213e-07,0.04019855972283351,-1.0963216173523408e-09,-7.608523483689868e-10
200,-1.6840809701585124,3.1415862508032433,-2.877857095114595,-2.218424003492213e-07,0.04019855972283351,-1.0963216173523408e-09,0.9999999992391476
201,-1.4627281249757158,3.1415862508032433,-2.877857095114595,-2.218424003492213e-07,0.04019855972283351,-1.0963216173523408e-09,-1.6180340007608522
202,-1.787582329743126,3.1415862508032433,-2.877857095114595,-2.218424003492213e-07,0.04019855972283351,-1.0963216173523408e-09,-0.6180339756048524
203,-1.830123555407476,3.1415862508032433,-2.877857095114595,-2.218424003492213e-07,0.04019855972283351,-1.0963216173523408e-09,0.3819659992391477
204,-1.8572740007709903,3.1415862508032433,-2.877857095114595,-2.218424003492213e-07,0.04019855972283351,-1.0963216173523408e-09,-0.0023376628124201853
205,-1.8572750301566856,3.1415862508032433,-2.877857095114595,-2.218424003492213e-07,0.04019855972283351,-1.0963216173523408e-09,1.4226458861617186e-05
206,-1.8572750301948115,3.1415862508032433,-2.877857095114595,-2.218424003492213e-07,0.04019855972283351,-1.0963216173523408e-09,5.637312667389597e-11
207,-1.8572750301948115,3.1415862508032433,-2.877857095114595,-2.218424003492213e-07,0.04019855972283351,-1.0963216173523408e-09,-3.5223961084754537e-10
208,-1.8572750301948115,3.1415862508032433,-2.877857095114595,-2.218424003492213e-07,0.04019855972283351,-1.0963216173523408e-09,-5.083157837476602e-10
209,-1.8572750301948115,3.1415862508032433,-2.877857095114595,-2.218424003492213e-07,0.04019855972283351,-1.0963216173523408e-09,-6.047761651898099e-10
210,-1.8572750301948115,3.1415862508032433,-2.877857095114595,-2.218424003492213e-07,0.04019855972283351,-1.0963216173523408e-09,-6.643919605740274e-10
211,-1.8572750301948115,3.1415862508032433,-2.877857095114595,-2.218424003492213e-07,0.04019855972283351,-1.0963216173523408e-09,-7.012365490585169e-10
212,-1.8572750301948115,3.1415862508032433,-2.877857095114595,-2.218424003492213e-07,0.04019855972283351,-1.0963216173523408e-09,-7.240077574579398e-10
213,-1.8572750301948115,3.1415862508032433,-2.877857095114595,-2.218424003492213e-07,0.04019855972283351,-1.0963216173523408e-09,-7.380811384698688e-10
214,-1.8572750301948115,3.1415862508032433,-2.877857095114595,-2.218424003492213e-07,0.04019855972283351,-1.0963216173523408e-09,-7.4830885056886e-10
215,-1.0636533500290943,0.0,0.0,0.0,0.0,0.0,0.0
216,-1.0636533500290943,0.0,0.0,0.0,0.0,0.0,0.0
217,-0.8755369955037555,1.0,0.0,0.0,0.0,0.0,0.0
218,-0.635112525218028,-1.618034,0.0,0.0,0.0,0.0,0.0
219,-0.987955969337913,-0.618033974844,0.0,0.0,0.0,0.0,0.0
220,-1.034162520672588,0.381966,0.0,0.0,0.0,0.0,0.0
221,-1.0636522319107573,-0.0023376628079623536,0.0,0.0,0.0,0.0,0.0
222,-1.0636533499876832,1.422644743346374e-05,0.0,0.0,0.0,0.0,0.0
223,-1.0636533500290943,1e-11,0.0,0.0,0.0,0.0,0.0
224,-1.0636533500290943,2.01e-11,0.0,0.0,0.0,0.0,0.0
225,-1.0636533500230525,5.434031642853811e-06,0.0,0.0,0.0,0.0,0.0
226,-1.0636533500282126,2.075627752977699e-06,0.0,0.0,0.0,0.0,0.0
227,-1.0636533500289655,7.928316527772799e-07,0.0,0.0,0.0,0.0,0.0
228,-1.0636533500290755,3.0284715756812654e-07,0.0,0.0,0.0,0.0,0.0
229,-1.0636533500290917,1.1568973987106702e-07,0.0,0.0,0.0,0.0,0.0
230,-1.063653350029094,4.420196966299199e-08,0.0,0.0,0.0,0.0,0.0
231,-1.0636533500290943,1.68960720276944e-08,0.0,0.0,0.0,0.0,0.0
232,-1.0636533500290941,2.732599652385848e-08,0.0,0.0,0.0,0.0,0.0
233,-1.0636533500290943,1.0450024496164083e-08,0.0,0.0,0.0,0.0,0.0
234,-1.0636533500290943,6.4661479560622725e-09,0.0,0.0,0.0,0.0,0.0
235,-1.0636533500290943,4.0039768024769906e-09,0.0,0.0,0.0,0.0,0.0
236,-1.0636533500290943,2.4822713157420643e-09,0.0,0.0,0.0,0.0,0.0
237,-1.0636533500290943,1.541805586953331e-09,0.0,0.0,0.0,0.0,0.0
238,-1.0636533500290943,9.60565790727115e-10,0.0,0.0,0.0,0.0,0.0
239,-1.0636533500290943,6.013398345062417e-10,0.0,0.0,0.0,0.0,0.0
240,-1.0636533500290943,3.7932597987923055e-10,0.0,0.0,0.0,0.0,0.0
241,-1.0636533500290943,2.4211386924868036e-10,0.0,0.0,0.0,0.0,0.0
242,-1.0636533500290943,1.5731211966723892e-10,0.0,0.0,0.0,0.0,0.0
243,-1.0636533500290943,1.0490175516642233e-10,0.0,0.0,0.0,0.0,0.0
244,-1.0636533500290943,7.251036795252466e-11,0.0,0.0,0.0,0.0,0.0
245,-1.0636533500290943,5.249138934717062e-11,0.0,0.0,0.0,0.0,0.0
246,-1.0636533500290943,4.0118979923789245e-11,0.0,0.0,0.0,0.0,0.0
247,-1.0636533500290943,4.0118979923789245e-11,0.0,0.0,0.0,0.0,0.0
248,-0.9114049951641827,4.0118979923789245e-11,1.0,0.0,0.0,0.0,0.0
249,-1.2443827226093989,4.0118979923789245e-11,-1.618034,0.0,0.0,0.0,0.0
250,-0.8906834422031146,4.0118979923789245e-11,-4.41463640731896,0.0,0.0,0.0,0.0
251,-1.143222935055687,4.0118979923789245e-11,-2.686241035113994,0.0,0.0,0.0,0.0
252,-1.2159017073531944,4.0118979923789245e-11,-1.000000025156,0.0,0.0,0.0,0.0
253,-1.244566302813935,4.0118979923789245e-11,-1.5849985928789425,0.0,0.0,0.0,0.0
254,-1.244584304201022,4.0118979923789245e-11,-1.569148606940153,0.0,0.0,0.0,0.0
255,-1.2445573521874218,4.0118979923789245e-11,-1.5534571208607515,0.0,0.0,0.0,0.0
256,-1.244584304201022,4.0118979923789245e-11,-1.569148606940153,0.0,0.0,0.0,0.0
257,-1.239700285052197,4.0118979923789245e-11,-1.569148606940153,1.0,0.0,0.0,0.0
258,-1.2334582030177415,4.0118979923789245e-11,-1.569148606940153,-1.618034,0.0,0.0,0.0
259,-1.242618991520885,4.0118979923789245e-11,-1.569148606940153,-0.618033974844,0.0,0.0,0.0
260,-1.2438186409728842,4.0118979923789245e-11,-1.569148606940153,0.381966,0.0,0.0,0.0
261,-1.244584275171588,4.0118979923789245e-11,-1.569148606940153,-0.002337662766000815,0.0,0.0,0.0
262,-1.2445843041999471,4.0118979923789245e-11,-1.569148606940153,1.4226473032553385e-05,0.0,0.0,0.0
263,-1.244584304201022,4.0118979923789245e-11,-1.569148606940153,1.5306315796942862e-09,0.0,0.0,0.0
264,-1.244584304201022,4.0118979923789245e-11,-1.569148606940153,7.653157898471431e-10,0.0,0.0,0.0
265,-1.244584304201022,4.0118979923789245e-11,-1.569148606940153,4.729911788623892e-10,0.0,0.0,0.0
266,-1.244584304201022,4.0118979923789245e-11,-1.569148606940153,2.9232463023703783e-10,0.0,0.0,0.0
267,-1.244584304201022,4.0118979923789245e-11,-1.569148606940153,1.8066656052391742e-10,0.0,0.0,0.0
268,-1.244584304201022,4.0118979923789245e-11,-1.569148606940153,1.1165807706683878e-10,0.0,0.0,0.0
269,-1.244584304201022,4.0118979923789245e-11,-1.569148606940153,6.900848800192664e-11,0.0,0.0,0.0
270,-1.244584304201022,4.0118979923789245e-11,-1.569148606940153,4.2649591873782727e-11,0.0,0.0,0.0
271,-1.244584304201022,4.0118979923789245e-11,-1.569148606940153,2.6358897864121432e-11,0.0,0.0,0.0
272,-1.244584304201022,4.0118979923789245e-11,-1.569148606940153,1.609530888548022e-11,0.0,0.0,0.0
273,-1.244584304201022,4.0118979923789245e-11,-1.569148606940153,1.609530888548022e-11,0.0,0.0,0.0
274,-1.1611598992474614,4.0118979923789245e-11,-1.569148606940153,1.609530888548022e-11,1.0,0.0,0.0
275,-1.0554075621652679,4.0118979923789245e-11,-1.569148606940153,1.609530888548022e-11,-1.618034,0.0,0.0
276,-1.211288296902862,4.0118979923789245e-11,-1.569148606940153,1.609530888548022e-11,-0.618033974844,0.0,0.0
277,-1.2314341394948893,4.0118979923789245e-11,-1.569148606940153,1.609530888548022e-11,0.381966,0.0,0.0
278,-1.2445840661255039,4.0118979923789245e-11,-1.569148606940153,1.609530888548022e-11,-0.003960002606765701,0.0,0.0
279,-1.244584549811807,4.0118979923789245e-11,-1.569148606940153,1.609530888548022e-11,-0.0016436221371537512,0.0,0.0
280,-1.2445845497995536,4.0118979923789245e-11,-1.569148606940153,1.609530888548022e-11,-0.0016600583685252887,0.0,0.0
281,-1.244584549775182,4.0118979923789245e-11,-1.569148606940153,1.609530888548022e-11,-0.0016271859057822137,0.0,0.0
282,-1.244584549811807,4.0118979923789245e-11,-1.569148606940153,1.609530888548022e-11,-0.0016436221371537512,0.0,0.0
283,-1.2393998614948836,4.0118979923789245e-11,-1.569148606940153,1.609530888548022e-11,-0.0016436221371537512,1.0,0.0
284,-1.2327735054540268,4.0118979923789245e-11,-1.569148606940153,1.609530888548022e-11,-0.0016436221371537512,-1.618034,0.0
285,-1.2424982488823553,4.0118979923789245e-11,-1.569148606940153,1.609530888548022e-11,-0.0016436221371537512,-0.618033974844,0.0
286,-1.2437717509522563,4.0118979923789245e-11,-1.569148606940153,1.609530888548022e-11,-0.0016436221371537512,0.381966,0.0
287,-1.2445845189952676,4.0118979923789245e-11,-1.569148606940153,1.609530888548022e-11,-0.0016436221371537512,-0.0023376628079388503,0.0
288,-1.2445845498106658,4.0118979923789245e-11,-1.569148606940153,1.609530888548022e-11,-0.0016436221371537512,1.42264472279161e-05,0.0
289,-1.244584549811807,4.0118979923789245e-11,-1.569148606940153,1.609530888548022e-11,-0.0016436221371537512,1.5798654688833038e-10,0.0
290,-1.244584549811807,4.0118979923789245e-11,-1.569148606940153,1.609530888548022e-11,-0.0016436221371537512,7.899327344416519e-11,0.0
291,-1.244584549811807,4.0118979923789245e-11,-1.569148606940153,1.609530888548022e-11,-0.0016436221371537512,4.8820528759791184e-11,0.0
292,-1.244584549811807,4.0118979923789245e-11,-1.569148606940153,1.609530888548022e-11,-0.0016436221371537512,3.017274667152878e-11,0.0
293,-1.244584549811807,4.0118979923789245e-11,-1.569148606940153,1.609530888548022e-11,-0.0016436221371537512,1.864778331639162e-11,0.0
294,-1.244584549811807,4.0118979923789245e-11,-1.569148606940153,1.609530888548022e-11,-0.0016436221371537512,1.864778331639162e-11,0.0
295,-1.239398362296591,4.0118979923789245e-11,-1.569148606940153,1.609530888548022e-11,-0.0016436221371537512,1.864778331639162e-11,1.0
296,-1.2327700901859082,4.0118979923789245e-11,-1.569148606940153,1.609530888548022e-11,-0.0016436221371537512,1.864778331639162e-11,-1.618034
297,-1.2424976456098729,4.0118979923789245e-11,-1.569148606940153,1.609530888548022e-11,-0.0016436221371537512,1.864778331639162e-11,-0.618033974844
298,-1.2437715159243579,4.0118979923789245e-11,-1.569148606940153,1.609530888548022e-11,-0.0016436221371537512,1.864778331639162e-11,0.381966
299,-1.2445845189863567,4.0118979923789245e-11,-1.569148606940153,1.609530888548022e-11,-0.0016436221371537512,1.864778331639162e-11,-0.0023376627895772676
300,-1.2445845498106654,4.0118979923789245e-11,-1.569148606940153,1.609530888548022e-11,-0.0016436221371537512,1.864778331639162e-11,1.4226465592429484e-05
301,-1.244584549811807,4.0118979923789245e-11,-1.569148606940153,1.609530888548022e-11,-0.0016436221371537512,1.864778331639162e-11,-5.300679765845687e-10
302,-1.244584549811807,4.0118979923789245e-11,-1.569148606940153,1.609530888548022e-11,-0.0016436221371537512,1.864778331639162e-11,-2.6503398829228434e-10
303,-1.244584549811807,4.0118979923789245e-11,-1.569148606940153,1.609530888548022e-11,-0.0016436221371537512,1.864778331639162e-11,-3.6626796066433504e-10
304,-1.244584549811807,4.0118979923789245e-11,-1.569148606940153,1.609530888548022e-11,-0.0016436221371537512,1.864778331639162e-11,-4.28833997545323e-10
305,-1.244584549811807,4.0118979923789245e-11,-1.569148606940153,1.609530888548022e-11,-0.0016436221371537512,1.864778331639162e-11,-4.675019355830275e-10
306,-1.244584549811807,4.0118979923789245e-11,-1.569148606940153,1.609530888548022e-11,-0.0016436221371537512,1.864778331639162e-11,-4.914000360002222e-10
307,-1.244584549811807,4.0118979923789245e-11,-1.569148606940153,1.609530888548022e-11,-0.0016436221371537512,1.864778331639162e-11,-5.063140363602243e-10
308,-1.063654832839014,8.023795984757849e-11,-3.138297213880306,3.219061777096044e-11,-0.0032872442743075024,3.729556663278324e-11,-1.0126280727204487e-09
309,-1.244584549811807,4.0118979923789245e-11,-1.569148606940153,1.609530888548022e-11,-0.0016436221371537512,1.864778331639162e-11,-5.063140363602243e-10
310,-1.063654832839014,8.023795984757849e-11,-3.138297213880306,3.219061777096044e-11,-0.0032872442743075024,3.729556663278324e-11,-1.0126280727204487e-09
311,-0.9143237047976204,-2.4794893638219163e-11,0.9697871901416506,-9.94744813172888e-12,0.0010158143639136814,-1.1524964114162779e-11,3.129192891478549e-10
312,-1.1658131870008899,1.532408729480314e-11,-0.5993614562720048,6.147861158644927e-12,-0.0006278078145870282,7.122819671332479e-12,-1.9339475994920532e-10
313,-1.2129838325048419,5.5443066209359326e-11,-2.1685100237386554,2.2243169639231554e-11,-0.0022714299103938212,2.577060251862046e-11,-6.997087835725938e-10
314,-1.2445769755908085,3.988538391644653e-11,-1.5600121121886685,1.6001592646938307e-11,-0.0016340520142456272,1.853920508890986e-11,-5.033659819086905e-10
315,-1.2445845481000357,4.012259941614185e-11,-1.5692901738841207,1.6096760987391443e-11,-0.0016437704230216196,1.8649465699872824e-11,-5.063597154823282e-10
316,-1.244584549813326,4.0119084569794254e-11,-1.5691526998939942,1.609535086834662e-11,-0.0016436264243637135,1.8647831957110553e-11,-5.063153570254378e-10
317,-1.2445845498133257,4.0119085616655496e-11,-1.569152740839224,1.6095351288336236e-11,-0.0016436264672522493,1.864783244370422e-11,-5.063153702371531e-10
318,-1.2445845498133254,4.011908352293302e-11,-1.5691526589487643,1.6095350448357004e-11,-0.0016436263814751776,1.8647831470516886e-11,-5.063153438137226e-10
319,-1.244584549813326,4.0119084569794254e-11,-1.5691526998939942,1.609535086834662e-11,-0.0016436264243637135,1.8647831957110553e-11,-5.063153570254378e-10
320,-1.2387975480218598,1.000000000040119,-1.5691526998939942,1.609535086834662e-11,-0.0016436264243637135,1.8647831957110553e-11,-5.063153570254378e-10
321,-1.2314013976786602,-1.618033999959881,-1.5691526998939942,1.609535086834662e-11,-0.0016436264243637135,1.8647831957110553e-11,-5.063153570254378e-10
322,-1.2422558799923502,-0.6180339748038809,-1.5691526998939942,1.609535086834662e-11,-0.0016436264243637135,1.8647831957110553e-11,-5.063153570254378e-10
323,-1.2436773268195427,0.3819660000401191,-1.5691526998939942,1.609535086834662e-11,-0.0016436264243637135,1.8647831957110553e-11,-5.063153570254378e-10
324,-1.24458451541678,-0.0023376627922934256,-1.5691526998939942,1.609535086834662e-11,-0.0016436264243637135,1.8647831957110553e-11,-5.063153570254378e-10
325,-1.244584549812052,1.4226461383678463e-05,-1.5691526998939942,1.609535086834662e-11,-0.0016436264243637135,1.8647831957110553e-11,-5.063153570254378e-10
326,-1.244584549813326,3.224409457552534e-10,-1.5691526998939942,1.609535086834662e-11,-0.0016436264243637135,1.8647831957110553e-11,-5.063153570254378e-10
327,-1.244584549813326,1.812800151625238e-10,-1.5691526998939942,1.609535086834662e-11,-0.0016436264243637135,1.8647831957110553e-11,-5.063153570254378e-10
328,-1.244584549813326,1.2736133914774127e-10,-1.5691526998939942,1.609535086834662e-11,-0.0016436264243637135,1.8647831957110553e-11,-5.063153570254378e-10
329,-1.244584549813326,9.403776413562117e-11,-1.5691526998939942,1.609535086834662e-11,-0.0016436264243637135,1.8647831957110553e-11,-5.063153570254378e-10
330,-1.244584549813326,7.344266177658051e-11,-1.5691526998939942,1.609535086834662e-11,-0.0016436264243637135,1.8647831957110553e-11,-5.063153570254378e-10
331,-1.244584549813326,6.07141882852132e-11,-1.5691526998939942,1.609535086834662e-11,-0.0016436264243637135,1.8647831957110553e-11,-5.063153570254378e-10
332,-1.244584549813326,5.0508237248059005e-11,-1.5691526998939942,1.609535086834662e-11,-0.0016436264243637135,1.8647831957110553e-11,-5.063153570254378e-10
333,-1.244584549813326,5.0508237248059005e-11,-1.5691526998939942,1.609535086834662e-11,-0.0016436264243637135,1.8647831957110553e-11,-5.063153570254378e-10
334,-1.2393991118149765,5.0508237248059005e-11,-1.5691526998939942,1.609535086834662e-11,-0.0016436264243637135,1.8647831957110553e-11,0.9999999994936847
335,-1.232771797617089,5.0508237248059005e-11,-1.5691526998939942,1.609535086834662e-11,-0.0016436264243637135,1.8647831957110553e-11,-1.6180340005063154
336,-1.2424979472091842,5.0508237248059005e-11,-1.5691526998939942,1.609535086834662e-11,-0.0016436264243637135,1.8647831957110553e-11,-0.6180339753503153
337,-1.2437716334283277,5.0508237248059005e-11,-1.5691526998939942,1.609535086834662e-11,-0.0016436264243637135,1.8647831957110553e-11,0.38196599949368465
338,-1.2445845189923304,5.0508237248059005e-11,-1.5691526998939942,1.609535086834662e-11,-0.0016436264243637135,1.8647831957110553e-11,-0.0023376627973163574
339,-1.2445845498121841,5.0508237248059005e-11,-1.5691526998939942,1.609535086834662e-11,-0.0016436264243637135,1.8647831957110553e-11,1.4226462342942073e-05
340,-1.244584549813326,5.0508237248059005e-11,-1.5691526998939942,1.609535086834662e-11,-0.0016436264243637135,1.8647831957110553e-11,-1.555304433864023e-09
341,-1.244584549813326,5.0508237248059005e-11,-1.5691526998939942,1.609535086834662e-11,-0.0016436264243637135,1.8647831957110553e-11,-1.0308098954447305e-09
342,-1.244584549813326,5.0508237248059005e-11,-1.5691526998939942,1.609535086834662e-11,-0.0016436264243637135,1.8647831957110553e-11,-1.231148976306594e-09
343,-1.244584549813326,5.0508237248059005e-11,-1.5691526998939942,1.609535086834662e-11,-0.0016436264243637135,1.8647831957110553e-11,-1.3549653398079748e-09
344,-1.244584549813326,5.0508237248059005e-11,-1.5691526998939942,1.609535086834662e-11,-0.0016436264243637135,1.8647831957110553e-11,-1.4314880622081872e-09
345,-1.244584549813326,5.0508237248059005e-11,-1.5691526998939942,1.609535086834662e-11,-0.0016436264243637135,1.8647831957110553e-11,-1.4787817064240803e-09
346,-1.244584549813326,5.0508237248059005e-11,-1.5691526998939942,1.609535086834662e-11,-0.0016436264243637135,1.8647831957110553e-11,-1.5080107865334054e-09
347,-1.244584549813326,5.0508237248059005e-11,-1.5691526998939942,1.609535086834662e-11,-0.0016436264243637135,1.8647831957110553e-11,-1.528027740828485e-09
348,-1.244584549813326,5.0508237248059005e-11,-1.5691526998939942,1.609535086834662e-11,-0.0016436264243637135,1.8647831957110553e-11,-1.528027740828485e-09
349,-1.2393991119846957,5.0508237248059005e-11,-1.5691526998939942,1.0000000000160953,-0.0016436264243637135,1.8647831957110553e-11,-1.528027740828485e-09
350,-1.2327717980197577,5.0508237248059005e-11,-1.5691526998939942,-1.6180339999839046,-0.0016436264243637135,1.8647831957110553e-11,-1.528027740828485e-09
351,-1.2424979472825284,5.0508237248059005e-11,-1.5691526998939942,-0.6180339748279047,-0.0016436264243637135,1.8647831957110553e-11,-1.528027740828485e-09
352,-1.2437716334536095,5.0508237248059005e-11,-1.5691526998939942,0.3819660000160954,-0.0016436264243637135,1.8647831957110553e-11,-1.528027740828485e-09
353,-1.2445845189923315,5.0508237248059005e-11,-1.5691526998939942,-0.002337662755130626,-0.0016436264243637135,1.8647831957110553e-11,-1.528027740828485e-09
354,-1.2445845498121844,5.0508237248059005e-11,-1.5691526998939942,1.422649879413761e-05,-0.0016436264243637135,1.8647831957110553e-11,-1.528027740828485e-09
355,-1.244584549813326,5.0508237248059005e-11,-1.5691526998939942,-1.4382764357535636e-10,-0.0016436264243637135,1.8647831957110553e-11,-1.528027740828485e-09
356,-1.244584549813326,5.0508237248059005e-11,-1.5691526998939942,-6.386614635350487e-11,-0.0016436264243637135,1.8647831957110553e-11,-1.528027740828485e-09
357,-1.244584549813326,5.0508237248059005e-11,-1.5691526998939942,-9.44087196013466e-11,-0.0016436264243637135,1.8647831957110553e-11,-1.528027740828485e-09
358,-1.244584549813326,5.0508237248059005e-11,-1.5691526998939942,-1.1328506831600321e-10,-0.0016436264243637135,1.8647831957110553e-11,-1.528027740828485e-09
359,-1.244584549813326,5.0508237248059005e-11,-1.5691526998939942,-1.249512936175173e-10,-0.0016436264243637135,1.8647831957110553e-11,-1.528027740828485e-09
360,-1.244584549813326,5.0508237248059005e-11,-1.5691526998939942,-1.249512936175173e-10,-0.0016436264243637135,1.8647831957110553e-11,-1.528027740828485e-09
361,-1.1614108944034518,5.0508237248059005e-11,-1.5691526998939942,-1.249512936175173e-10,0.9983563735756363,1.8647831957110553e-11,-1.528027740828485e-09
362,-1.0551097594127663,5.0508237248059005e-11,-1.5691526998939942,-1.249512936175173e-10,-1.6196776264243637,1.8647831957110553e-11,-1.528027740828485e-09
363,-1.2111157540882838,5.0508237248059005e-11,-1.5691526998939942,-1.249512936175173e-10,-0.6196776012683637,1.8647831957110553e-11,-1.528027740828485e-09
364,-1.2315454916796256,5.0508237248059005e-11,-1.5691526998939942,-1.249512936175173e-10,0.3803223735756363,1.8647831957110553e-11,-1.528027740828485e-09
365,-1.2445840554491392,5.0508237248059005e-11,-1.5691526998939942,-1.249512936175173e-10,-0.003981289701589706,1.8647831957110553e-11,-1.528027740828485e-09
366,-1.2445845497950163,5.0508237248059005e-11,-1.5691526998939942,-1.249512936175173e-10,-0.0016294004563841664,1.8647831957110553e-11,-1.528027740828485e-09
367,-1.2445845498133263,5.0508237248059005e-11,-1.5691526998939942,-1.249512936175173e-10,-0.0016436269378751374,1.8647831957110553e-11,-1.528027740828485e-09
368,-1.2445844776865356,5.0508237248059005e-11,-1.5691526998939942,-1.249512936175173e-10,-0.0025365346330801365,1.8647831957110553e-11,-1.528027740828485e-09
369,-1.2445845497941255,5.0508237248059005e-11,-1.5691526998939942,-1.249512936175173e-10,-0.0016581954835772007,1.8647831957110553e-11,-1.528027740828485e-09
370,-1.2445845498105246,5.0508237248059005e-11,-1.5691526998939942,-1.249512936175173e-10,-0.0016491916270027717,1.8647831957110553e-11,-1.528027740828485e-09
371,-1.244584549813046,5.0508237248059005e-11,-1.5691526998939942,-1.249512936175173e-10,-0.0016453853760672206,1.8647831957110553e-11,-1.528027740828485e-09
372,-1.244584549813276,5.0508237248059005e-11,-1.5691526998939942,-1.249512936175173e-10,-0.0016443692213742047,1.8647831957110553e-11,-1.528027740828485e-09
373,-1.2445845498133155,5.0508237248059005e-11,-1.5691526998939942,-1.249512936175173e-10,-0.0016439710407623938,1.8647831957110553e-11,-1.528027740828485e-09
374,-1.2445845498133234,5.0508237248059005e-11,-1.5691526998939942,-1.249512936175173e-10,-0.0016437929116278433,1.8647831957110553e-11,-1.528027740828485e-09
375,-1.2445845498133252,5.0508237248059005e-11,-1.5691526998939942,-1.249512936175173e-10,-0.0016437082836787463,1.8647831957110553e-11,-1.528027740828485e-09
376,-1.2445845498133261,5.0508237248059005e-11,-1.5691526998939942,-1.249512936175173e-10,-0.0016436669748713085,1.8647831957110553e-11,-1.528027740828485e-09
377,-1.244584549813326,5.0508237248059005e-11,-1.5691526998939942,-1.249512936175173e-10,-0.0016436468271773307,1.8647831957110553e-11,-1.528027740828485e-09
378,-1.244584549813326,5.0508237248059005e-11,-1.5691526998939942,-1.249512936175173e-10,-0.001643634534912339,1.8647831957110553e-11,-1.528027740828485e-09
379,-1.2445845498133261,5.0508237248059005e-11,-1.5691526998939942,-1.249512936175173e-10,-0.001643629839685049,1.8647831957110553e-11,-1.528027740828485e-09
380,-1.244584549813326,5.0508237248059005e-11,-1.5691526998939942,-1.249512936175173e-10,-0.001643628046267862,1.8647831957110553e-11,-1.528027740828485e-09
381,-1.2445845498133261,5.0508237248059005e-11,-1.5691526998939942,-1.249512936175173e-10,-0.0016436273612434728,1.8647831957110553e-11,-1.528027740828485e-09
382,-1.244584549813326,5.0508237248059005e-11,-1.5691526998939942,-1.249512936175173e-10,-0.0016436267417312329,1.8647831957110553e-11,-1.528027740828485e-09
383,-1.2445845498133261,5.0508237248059005e-11,-1.5691526998939942,-1.249512936175173e-10,-0.001643627099587447,1.8647831957110553e-11,-1.528027740828485e-09
384,-1.244584549813326,5.0508237248059005e-11,-1.5691526998939942,-1.249512936175173e-10,-0.0016436268629548348,1.8647831957110553e-11,-1.528027740828485e-09
385,-1.2445845498133261,5.0508237248059005e-11,-1.5691526998939942,-1.249512936175173e-10,-0.0016436269996437415,1.8647831957110553e-11,-1.528027740828485e-09
386,-1.244584549813326,5.0508237248059005e-11,-1.5691526998939942,-1.249512936175173e-10,-0.001643626909258129,1.8647831957110553e-11,-1.528027740828485e-09
387,-1.244584549813326,5.0508237248059005e-11,-1.5691526998939942,-1.249512936175173e-10,-0.0016436269614686439,1.8647831957110553e-11,-1.528027740828485e-09
388,-1.2445845498133263,5.0508237248059005e-11,-1.5691526998939942,-1.249512936175173e-10,-0.0016436269378751374,1.8647831957110553e-11,-1.528027740828485e-09
389,-1.2393991118757237,5.0508237248059005e-11,-1.5691526998939942,-1.249512936175173e-10,-0.0016436269378751374,1.0000000000186478,-1.528027740828485e-09
390,-1.2327717978236112,5.0508237248059005e-11,-1.5691526998939942,-1.249512936175173e-10,-0.0016436269378751374,-1.6180339999813522,-1.528027740828485e-09
391,-1.242497947255082,5.0508237248059005e-11,-1.5691526998939942,-1.249512936175173e-10,-0.0016436269378751374,-0.6180339748253522,-1.528027740828485e-09
392,-1.2437716334322235,5.0508237248059005e-11,-1.5691526998939942,-1.249512936175173e-10,-0.0016436269378751374,0.38196600001864783,-1.528027740828485e-09
393,-1.2445845189923324,5.0508237248059005e-11,-1.5691526998939942,-1.249512936175173e-10,-0.0016436269378751374,-0.0023376643123614793,-1.528027740828485e-09
394,-1.2445845498121846,5.0508237248059005e-11,-1.5691526998939942,-1.249512936175173e-10,-0.0016436269378751374,1.4224893859268312e-05,-1.528027740828485e-09
395,-1.2445845498133263,5.0508237248059005e-11,-1.5691526998939942,-1.249512936175173e-10,-0.0016436269378751374,-3.1241279679879968e-09,-1.528027740828485e-09
396,-1.2445845498133263,5.0508237248059005e-11,-1.5691526998939942,-1.249512936175173e-10,-0.0016436269378751374,-1.552740068015443e-09,-1.528027740828485e-09
397,-1.2445845498133263,5.0508237248059005e-11,-1.5691526998939942,-1.249512936175173e-10,-0.0016436269378751374,-2.1529568186163596e-09,-1.528027740828485e-09
398,-1.2445845498133263,5.0508237248059005e-11,-1.5691526998939942,-1.249512936175173e-10,-0.0016436269378751374,-2.523911177857246e-09,-1.528027740828485e-09
399,-1.2445845498133263,5.0508237248059005e-11,-1.5691526998939942,-1.249512936175173e-10,-0.0016436269378751374,-2.7531735843163287e-09,-1.528027740828485e-09
400,-1.2445845498133263,5.0508237248059005e-11,-1.5691526998939942,-1.249512936175173e-10,-0.0016436269378751374,-2.894865546429861e-09,-1.528027740828485e-09
401,-1.2445845498133263,5.0508237248059005e-11,-1.5691526998939942,-1.249512936175173e-10,-0.0016436269378751374,-2.9824359965427356e-09,-1.528027740828485e-09
402,-1.2445845498133263,5.0508237248059005e-11,-1.5691526998939942,-1.249512936175173e-10,-0.0016436269378751374,-3.0365575121077964e-09,-1.528027740828485e-09
403,-1.2445845498133263,5.0508237248059005e-11,-1.5691526998939942,-1.249512936175173e-10,-0.0016436269378751374,-3.0771095655484455e-09,-1.528027740828485e-09
404,-1.2445845498133263,5.0508237248059005e-11,-1.5691526998939942,-1.249512936175173e-10,-0.0016436269378751374,-3.0771095655484455e-09,-1.528027740828485e-09
405,-1.2445845498118069,5.0508341894064014e-11,-1.5691567928478354,-1.2495125163465088e-10,-0.0016436312250850996,-3.0771095169077266e-09,-1.5280290614936987e-09
406,-1.2445845498093502,5.0508067927264934e-11,-1.5691460773555186,-1.2495136154722255e-10,-0.0016436200010236533,-3.0771096442507827e-09,-1.528025603947267e-09
407,-1.2445845498127455,5.0508172573272573e-11,-1.5691501703094628,-1.249513195643551e-10,-0.0016436242882337236,-3.0771095956100625e-09,-1.5280269246125137e-09
408,-1.2445845498131045,5.050827721927495e-11,-1.5691542632632012,-1.2495127758148975e-10,-0.0016436285754435778,-3.077109546969345e-09,-1.528028245277694e-09
409,-1.244584549813326,5.0508237250816715e-11,-1.5691527000018548,-1.2495129361641094e-10,-0.0016436269379881171,-3.077109565547164e-09,-1.5280277408632883e-09
410,-1.244584549813241,5.050821254448953e-11,-1.569151733678709,-1.2495130352832713e-10,-0.001643625925802205,-3.077109577030961e-09,-1.5280274290617353e-09
411,-1.244584549813306,5.0508225155488085e-11,-1.5691522269248197,-1.2495129846892838e-10,-0.0016436264424583222,-3.0771095711692176e-09,-1.5280275882164693e-09
412,-1.244584549813321,5.0508231264556705e-11,-1.5691524658650056,-1.249512960180349e-10,-0.0016436266927388739,-3.0771095683296493e-09,-1.5280276653148204e-09
413,-1.2445845498133243,5.050823427277069e-11,-1.5691525835234004,-1.249512948111714e-10,-0.0016436268159814662,-3.077109566931395e-09,-1.5280277032794188e-09
414,-1.2445845498133257,5.050823576659965e-11,-1.5691526419505994,-1.2495129421186306e-10,-0.001643626877181685,-3.0771095662370457e-09,-1.528027722132006e-09
415,-1.244584549813326,5.050823650939569e-11,-1.5691526710031172,-1.249512939138612e-10,-0.0016436269076130674,-3.077109565891785e-09,-1.5280277315063238e-09
416,-1.244584549813326,5.05082368801062e-11,-1.569152685502486,-1.2495129376513605e-10,-0.0016436269228005923,-3.0771095657194742e-09,-1.528027736184806e-09
417,-1.244584549813326,5.050823710751354e-11,-1.5691526943969274,-1.2495129367390263e-10,-0.0016436269321171736,-3.077109565613773e-09,-1.5280277390547576e-09
418,-1.2445845498133261,5.0508237194375416e-11,-1.5691526977943016,-1.2495129363905457e-10,-0.001643626935675791,-3.0771095655733983e-09,-1.5280277401509816e-09
419,-1.2445845498133261,5.05082372275537e-11,-1.569152699091983,-1.2495129362574381e-10,-0.0016436269370350618,-3.0771095655579767e-09,-1.5280277405697018e-09
420,-1.244584549813326,5.050823724022668e-11,-1.5691526995876532,-1.2495129362065955e-10,-0.0016436269375542571,-3.077109565552086e-09,-1.5280277407296387e-09
421,-1.244584549813326,5.050823724506732e-11,-1.5691526997769822,-1.2495129361871754e-10,-0.001643626937752572,-3.077109565549836e-09,-1.528027740790729e-09
422,-1.2445845498133261,5.050823724691628e-11,-1.5691526998492997,-1.2495129361797574e-10,-0.0016436269378283215,-3.0771095655489766e-09,-1.5280277408140636e-09
423,-1.244584549813326,5.0508237249112355e-11,-1.5691526999351932,-1.249512936170947e-10,-0.0016436269379182919,-3.077109565547956e-09,-1.5280277408417787e-09
424,-1.2445845498133263,5.0508237247622525e-11,-1.5691526998769223,-1.249512936176924e-10,-0.0016436269378572554,-3.0771095655486486e-09,-1.5280277408229765e-09
425,-1.2445845498133261,5.0508237247840765e-11,-1.5691526998854584,-1.2495129361760485e-10,-0.0016436269378661964,-3.077109565548547e-09,-1.5280277408257308e-09
426,-1.2445845498133261,5.050823724735277e-11,-1.5691526998663714,-1.2495129361780063e-10,-0.0016436269378462037,-3.077109565548774e-09,-1.528027740819572e-09
427,-1.2445845498133261,5.050823724751948e-11,-1.5691526998728922,-1.2495129361773373e-10,-0.001643626937853034,-3.077109565548696e-09,-1.5280277408216761e-09
428,-1.244584549813326,5.050823724770588e-11,-1.5691526998801828,-1.2495129361765898e-10,-0.0016436269378606704,-3.0771095655486097e-09,-1.5280277408240287e-09
429,-1.2445845498133263,5.050823724758317e-11,-1.569152699875383,-1.249512936177082e-10,-0.001643626937855643,-3.0771095655486668e-09,-1.52802774082248e-09
430,-1.2445845498133261,5.0508237247558845e-11,-1.5691526998744316,-1.2495129361771797e-10,-0.0016436269378546464,-3.077109565548678e-09,-1.5280277408221729e-09
431,-1.2445845498133263,5.05082372475982e-11,-1.569152699875971,-1.2495129361770217e-10,-0.0016436269378562588,-3.0771095655486598e-09,-1.5280277408226696e-09
432,-1.244584549813326,5.0508237247607494e-11,-1.5691526998763343,-1.2495129361769845e-10,-0.0016436269378566394,-3.0771095655486552e-09,-1.5280277408227868e-09
433,-1.2445845498133261,5.0508237247592456e-11,-1.5691526998757463,-1.2495129361770447e-10,-0.0016436269378560236,-3.0771095655486622e-09,-1.5280277408225972e-09
434,-1.2445845498133261,5.050823724760281e-11,-1.5691526998761514,-1.249512936177003e-10,-0.0016436269378564477,-3.0771095655486577e-09,-1.5280277408227277e-09
435,-1.0636533500290948,0.0,1.5707963267948966,0.0,-1.5707963267948966,0.0,0.0
436,-1.0636533500290948,0.0,1.5707963267948966,0.0,-1.5707963267948966,0.0,0.0
437,-1.2413988287221167,1.0,1.5707963267948966,0.0,-1.5707963267948966,0.0,0.0
438,-1.7851734892681883,2.6180339999999998,1.5707963267948966,0.0,-1.5707963267948966,0.0,0.0
439,-1.2569551324064976,5.2360680251559995,1.5707963267948966,0.0,-1.5707963267948966,0.0,0.0
440,-1.7939069792668847,3.6180339844527363,1.5707963267948966,0.0,-1.5707963267948966,0.0,0.0
441,-1.6275980045704082,4.236067974843999,1.5707963267948966,0.0,-1.5707963267948966,0.0,0.0
442,-1.8369673131426698,3.1434654307590675,1.5707963267948966,0.0,-1.5707963267948966,0.0,0.0
443,-1.8367990527047549,3.1120307764414767,1.5707963267948966,0.0,-1.5707963267948966,0.0,0.0
444,-1.8367535351159803,3.174900085076658,1.5707963267948966,0.0,-1.5707963267948966,0.0,0.0
445,-1.8369673131426698,3.1434654307590675,1.5707963267948966,0.0,-1.5707963267948966,0.0,0.0
446,-1.623353888595592,3.1434654307590675,2.5707963267948966,0.0,-1.5707963267948966,0.0,0.0
447,-0.8227828426529498,3.1434654307590675,-0.047237673205103414,0.0,-1.5707963267948966,0.0,0.0
448,-1.5849083931112413,3.1434654307590675,0.9527623519508965,0.0,-1.5707963267948966,0.0,0.0
449,-1.847052710828318,3.1434654307590675,1.9527623267948966,0.0,-1.5707963267948966,0.0,0.0
450,-1.8572725717809089,3.1434654307590675,1.7963905255842643,0.0,-1.5707963267948966,0.0,0.0
451,-1.8572742830799367,3.1434654307590675,1.7941345835863705,0.0,-1.5707963267948966,0.0,0.0
452,-1.8572718855969366,3.1434654307590675,1.7919012010084558,0.0,-1.5707963267948966,0.0,0.0
453,-1.8572742830799367,3.1434654307590675,1.7941345835863705,0.0,-1.5707963267948966,0.0,0.0
454,-1.683462701008546,3.1434654307590675,1.7941345835863705,1.0,-1.5707963267948966,0.0,0.0
455,-1.4634335571724868,3.1434654307590675,1.7941345835863705,-1.618034,-1.5707963267948966,0.0,0.0
456,-1.7879983485632207,3.1434654307590675,1.7941345835863705,-0.618033974844,-1.5707963267948966,0.0,0.0
457,-1.829851483879652,3.1434654307590675,1.7941345835863705,0.381966,-1.5707963267948966,0.0,0.0
458,-1.8572739764261146,3.1434654307590675,1.7941345835863705,-0.004231293138817576,-1.5707963267948966,0.0,0.0
459,-1.857274979934474,3.1434654307590675,1.7941345835863705,-0.0019209181941058325,-1.5707963267948966,0.0,0.0
460,-1.857274979882166,3.1434654307590675,1.7941345835863705,-0.001940127386046891,-1.5707963267948966,0.0,0.0
461,-1.8572749798477548,3.1434654307590675,1.7941345835863705,-0.0019017090021647741,-1.5707963267948966,0.0,0.0
462,-1.857274979934474,3.1434654307590675,1.7941345835863705,-0.0019209181941058325,-1.5707963267948966,0.0,0.0
463,-1.4819413100701413,3.1434654307590675,1.7941345835863705,-0.0019209181941058325,-0.5707963267948966,0.0,0.0
464,-1.0027152935112424,3.1434654307590675,1.7941345835863705,-0.0019209181941058325,-3.1888303267948963,0.0,0.0
465,-1.7063911944009846,3.1434654307590675,1.7941345835863705,-0.0019209181941058325,-2.1888303016388964,0.0,0.0
466,-1.7983951217344432,3.1434654307590675,1.7941345835863705,-0.0019209181941058325,-1.1888303267948965,0.0,0.0
467,-1.8572727718423865,3.1434654307590675,1.7941345835863705,-0.0019209181941058325,-1.5733300745911443,0.0,0.0
468,-1.8572749960472743,3.1434654307590675,1.7941345835863705,-0.0019209181941058325,-1.5709824401651464,0.0,0.0
469,-1.8572749961164186,3.1434654307590675,1.7941345835863705,-0.0019209181941058325,-1.5709954569299545,0.0,0.0
470,-1.8572749961148005,3.1434654307590675,1.7941345835863705,-0.0019209181941058325,-1.570993465618604,0.0,0.0
471,-1.8572749961148,3.1434654307590675,1.7941345835863705,-0.0019209181941058325,-1.5709974482413052,0.0,0.0
472,-1.8572749961164186,3.1434654307590675,1.7941345835863705,-0.0019209181941058325,-1.5709954569299545,0.0,0.0
473,-1.6840809349523904,3.1434654307590675,1.7941345835863705,-0.0019209181941058325,-1.5709954569299545,1.0,0.0
474,-1.4627280891721122,3.1434654307590675,1.7941345835863705,-0.0019209181941058325,-1.5709954569299545,-1.618034,0.0
475,-1.787582295476617,3.1434654307590675,1.7941345835863705,-0.0019209181941058325,-1.5709954569299545,-0.618033974844,0.0
476,-1.830123521082595,3.1434654307590675,1.7941345835863705,-0.0019209181941058325,-1.5709954569299545,0.381966,0.0
477,-1.8572739666926024,3.1434654307590675,1.7941345835863705,-0.0019209181941058325,-1.5709954569299545,-0.002337662807960925,0.0
478,-1.8572749960782924,3.1434654307590675,1.7941345835863705,-0.0019209181941058325,-1.5709954569299545,1.422644689584868e-05,0.0
479,-1.8572749961164186,3.1434654307590675,1.7941345835863705,-0.0019209181941058325,-1.5709954569299545,1e-11,0.0
480,-1.8572749961164186,3.1434654307590675,1.7941345835863705,-0.0019209181941058325,-1.5709954569299545,2.01e-11,0.0
481,-1.857274996110856,3.1434654307590675,1.7941345835863705,-0.0019209181941058325,-1.5709954569299545,5.434031437503137e-06,0.0
482,-1.8572749961156065,3.1434654307590675,1.7941345835863705,-0.0019209181941058325,-1.5709954569299545,2.0756276745407237e-06,0.0
483,-1.8572749961163,3.1434654307590675,1.7941345835863705,-0.0019209181941058325,-1.5709954569299545,7.92831622817022e-07,0.0
484,-1.8572749961164015,3.1434654307590675,1.7941345835863705,-0.0019209181941058325,-1.5709954569299545,3.028471461243267e-07,0.0
485,-1.8572749961164159,3.1434654307590675,1.7941345835863705,-0.0019209181941058325,-1.5709954569299545,1.1568973549992458e-07,0.0
486,-1.857274996116418,3.1434654307590675,1.7941345835863705,-0.0019209181941058325,-1.5709954569299545,4.4201967993364196e-08,0.0
487,-1.8572749961164188,3.1434654307590675,1.7941345835863705,-0.0019209181941058325,-1.5709954569299545,1.689607138995335e-08,0.0
488,-1.8572749961164183,3.1434654307590675,1.7941345835863705,-0.0019209181941058325,-1.5709954569299545,2.7325995491971778e-08,0.0
489,-1.8572749961164186,3.1434654307590675,1.7941345835863705,-0.0019209181941058325,-1.5709954569299545,1.0450024102018429e-08,0.0
490,-1.8572749961164188,3.1434654307590675,1.7941345835863705,-0.0019209181941058325,-1.5709954569299545,2.0879947779504922e-08,0.0
491,-1.8572749961164188,3.1434654307590675,1.7941345835863705,-0.0019209181941058325,-1.5709954569299545,1.8888009584729134e-08,0.0
492,-1.8572749961164188,3.1434654307590675,1.7941345835863705,-0.0019209181941058325,-1.5709954569299545,1.8127156920223407e-08,0.0
493,-1.8572749961164188,3.1434654307590675,1.7941345835863705,-0.0019209181941058325,-1.5709954569299545,1.7656924104568275e-08,0.0
494,-1.8572749961164188,3.1434654307590675,1.7941345835863705,-0.0019209181941058325,-1.5709954569299545,1.736630423657767e-08,0.0
495,-1.8572749961164188,3.1434654307590675,1.7941345835863705,-0.0019209181941058325,-1.5709954569299545,1.7182641194211894e-08,0.0
496,-1.8572749961164188,3.1434654307590675,1.7941345835863705,-0.0019209181941058325,-1.5709954569299545,1.7182641194211894e-08,0.0
497,-1.6840809510547678,3.1434654307590675,1.7941345835863705,-0.0019209181941058325,-1.5709954569299545,1.7182641194211894e-08,1.0
498,-1.4627281259796174,3.1434654307590675,1.7941345835863705,-0.0019209181941058325,-1.5709954569299545,1.7182641194211894e-08,-1.618034
499,-1.7875823019956036,3.1434654307590675,1.7941345835863705,-0.0019209181941058325,-1.5709954569299545,1.7182641194211894e-08,-0.618033974844
500,-1.8301235235966027,3.1434654307590675,1.7941345835863705,-0.0019209181941058325,-1.5709954569299545,1.7182641194211894e-08,0.381966
501,-1.8572739666926998,3.1434654307590675,1.7941345835863705,-0.0019209181941058325,-1.5709954569299545,1.7182641194211894e-08,-0.002337662920261385
502,-1.8572749960782924,3.1434654307590675,1.7941345835863705,-0.0019209181941058325,-1.5709954569299545,1.7182641194211894e-08,1.4226332392697702e-05
503,-1.8572749961164188,3.1434654307590675,1.7941345835863705,-0.0019209181941058325,-1.5709954569299545,1.7182641194211894e-08,-1.5301644883120453e-10
504,-1.8572749961164188,3.1434654307590675,1.7941345835863705,-0.0019209181941058325,-1.5709954569299545,1.7182641194211894e-08,-7.650822441560227e-11
505,-1.8572749961164188,3.1434654307590675,1.7941345835863705,-0.0019209181941058325,-1.5709954569299545,1.7182641194211894e-08,-1.057317648627322e-10
506,-1.8572749961164188,3.1434654307590675,1.7941345835863705,-0.0019209181941058325,-1.5709954569299545,1.7182641194211894e-08,-1.237929064594337e-10
507,-1.8572749961164188,3.1434654307590675,1.7941345835863705,-0.0019209181941058325,-1.5709954569299545,1.7182641194211894e-08,-1.3503083552402804e-10
508,-0.9855613730125631,6.286930861518135,2.0174728403778444,-0.003841836388211665,-1.5711945870650124,3.436528238842379e-08,-2.700616710480561e-10
509,-1.8572749961164188,3.1434654307590675,1.7941345835863705,-0.0019209181941058325,-1.5709954569299545,1.7182641194211894e-08,-1.3503083552402804e-10
510,-1.6656277180274701,4.1434654307590675,1.7941345835863705,-0.0019209181941058325,-1.5709954569299545,1.7182641194211894e-08,-1.3503083552402804e-10
511,-1.4207994258633667,1.5254314307590675,1.7941345835863705,-0.0019209181941058325,-1.5709954569299545,1.7182641194211894e-08,-1.3503083552402804e-10
512,-1.7801910769393612,2.5254314559150677,1.7941345835863705,-0.0019209181941058325,-1.5709954569299545,1.7182641194211894e-08,-1.3503083552402804e-10
513,-1.82722163098547,3.5254314307590677,1.7941345835863705,-0.0019209181941058325,-1.5709954569299545,1.7182641194211894e-08,-1.3503083552402804e-10
514,-1.8572738602059577,3.1410395213128113,1.7941345835863705,-0.0019209181941058325,-1.5709954569299545,1.7182641194211894e-08,-1.3503083552402804e-10
515,-1.8572749977511989,3.1433894969740597,1.7941345835863705,-0.0019209181941058325,-1.5709954569299545,1.7182641194211894e-08,-1.3503083552402804e-10
516,-1.8572749977902168,3.143375814453634,1.7941345835863705,-0.0019209181941058325,-1.5709954569299545,1.7182641194211894e-08,-1.3503083552402804e-10
517,-1.8572749977900496,3.1433749182805797,1.7941345835863705,-0.0019209181941058325,-1.5709954569299545,1.7182641194211894e-08,-1.3503083552402804e-10
518,-1.8572749977900496,3.1433767106266886,1.7941345835863705,-0.0019209181941058325,-1.5709954569299545,1.7182641194211894e-08,-1.3503083552402804e-10
519,-1.8572749977902168,3.143375814453634,1.7941345835863705,-0.0019209181941058325,-1.5709954569299545,1.7182641194211894e-08,-1.3503083552402804e-10
520,-1.4820784840743313,3.143375814453634,2.7941345835863705,-0.0019209181941058325,-1.5709954569299545,1.7182641194211894e-08,-1.3503083552402804e-10
521,-1.0025547003697215,3.143375814453634,0.17610058358637048,-0.0019209181941058325,-1.5709954569299545,1.7182641194211894e-08,-1.3503083552402804e-10
522,-1.7062974605935102,3.143375814453634,1.1761006087423704,-0.0019209181941058325,-1.5709954569299545,1.7182641194211894e-08,-1.3503083552402804e-10
523,-1.7984557135582402,3.143375814453634,2.1761005835863703,-0.0019209181941058325,-1.5709954569299545,1.7182641194211894e-08,-1.3503083552402804e-10
524,-1.857272767724139,3.143375814453634,1.7917965755202476,-0.0019209181941058325,-1.5709954569299545,1.7182641194211894e-08,-1.3503083552402804e-10
525,-1.8572749977076979,3.143375814453634,1.79414845729301,-0.0019209181941058325,-1.5709954569299545,1.7182641194211894e-08,-1.3503083552402804e-10
526,-1.8572749977902665,3.143375814453634,1.7941342330022478,-0.0019209181941058325,-1.5709954569299545,1.7182641194211894e-08,-1.3503083552402804e-10
527,-1.8572749977902665,3.143375814453634,1.794134236518089,-0.0019209181941058325,-1.5709954569299545,1.7182641194211894e-08,-1.3503083552402804e-10
528,-1.857274997790267,3.143375814453634,1.7941342399987719,-0.0019209181941058325,-1.5709954569299545,1.7182641194211894e-08,-1.3503083552402804e-10
529,-1.857274997790259,3.143375814453634,1.7941343712375526,-0.0019209181941058325,-1.5709954569299545,1.7182641194211894e-08,-1.3503083552402804e-10
530,-1.8572749977902656,3.143375814453634,1.794134290127524,-0.0019209181941058325,-1.5709954569299545,1.7182641194211894e-08,-1.3503083552402804e-10
531,-1.8572749977902674,3.143375814453634,1.7941342591462508,-0.0019209181941058325,-1.5709954569299545,1.7182641194211894e-08,-1.3503083552402804e-10
532,-1.8572749977902672,3.143375814453634,1.794134252086154,-0.0019209181941058325,-1.5709954569299545,1.7182641194211894e-08,-1.3503083552402804e-10
533,-1.857274997790267,3.143375814453634,1.7941342709800439,-0.0019209181941058325,-1.5709954569299545,1.7182641194211894e-08,-1.3503083552402804e-10
534,-1.857274997790267,3.143375814453634,1.794134262400652,-0.0019209181941058325,-1.5709954569299545,1.7182641194211894e-08,-1.3503083552402804e-10
535,-1.8572749977902665,3.143375814453634,1.7941342558918496,-0.0019209181941058325,-1.5709954569299545,1.7182641194211894e-08,-1.3503083552402804e-10
536,-1.8572749977902674,3.143375814453634,1.7941342591462508,-0.0019209181941058325,-1.5709954569299545,1.7182641194211894e-08,-1.3503083552402804e-10
537,-1.6841093224609667,3.143375814453634,1.7941342591462508,0.9980790818058942,-1.5709954569299545,1.7182641194211894e-08,-1.3503083552402804e-10
538,-1.462694357084933,3.143375814453634,1.7941342591462508,-1.6199549181941058,-1.5709954569299545,1.7182641194211894e-08,-1.3503083552402804e-10
539,-1.7875627388630464,3.143375814453634,1.7941342591462508,-0.6199548930381058,-1.5709954569299545,1.7182641194211894e-08,-1.3503083552402804e-10
540,-1.8301360999217746,3.143375814453634,1.7941342591462508,0.3800450818058942,-1.5709954569299545,1.7182641194211894e-08,-1.3503083552402804e-10
541,-1.8572739686727924,3.143375814453634,1.7941342591462508,-0.004170377464461014,-1.5709954569299545,1.7182641194211894e-08,-1.3503083552402804e-10
542,-1.857274999260536,3.143375814453634,1.7941342591462508,-0.001816577611951847,-1.5709954569299545,1.7182641194211894e-08,-1.3503083552402804e-10
543,-1.8572749993016275,3.143375814453634,1.7941342591462508,-0.0018313469285942071,-1.5709954569299545,1.7182641194211894e-08,-1.3503083552402804e-10
544,-1.8572749993014763,3.143375814453634,1.7941342591462508,-0.0018322426512493233,-1.5709954569299545,1.7182641194211894e-08,-1.3503083552402804e-10
545,-1.8572749993014768,3.143375814453634,1.7941342591462508,-0.0018304512059390907,-1.5709954569299545,1.7182641194211894e-08,-1.3503083552402804e-10
546,-1.8572749993016275,3.143375814453634,1.7941342591462508,-0.0018313469285942071,-1.5709954569299545,1.7182641194211894e-08,-1.3503083552402804e-10
547,-1.4820778835330877,3.143375814453634,1.7941342591462508,-0.0018313469285942071,-0.5709954569299545,1.7182641194211894e-08,-1.3503083552402804e-10
548,-1.002553182683217,3.143375814453634,1.7941342591462508,-0.0018313469285942071,-3.1890294569299544,1.7182641194211894e-08,-1.3503083552402804e-10
549,-1.7062971733427406,3.143375814453634,1.7941342591462508,-0.0018313469285942071,-2.1890294317739545,1.7182641194211894e-08,-1.3503083552402804e-10
550,-1.7984556328842731,3.143375814453634,1.7941342591462508,-0.0018313469285942071,-1.1890294569299544,1.7182641194211894e-08,-1.3503083552402804e-10
551,-1.8572727692298932,3.143375814453634,1.7941342591462508,-0.0018313469285942071,-1.573333403886836,1.7182641194211894e-08,-1.3503083552402804e-10
552,-1.8572749992190873,3.143375814453634,1.7941342591462508,-0.0018313469285942071,-1.5709815207897364,1.7182641194211894e-08,-1.3503083552402804e-10
553,-1.8572749993016615,3.143375814453634,1.7941342591462508,-0.0018313469285942071,-1.5709957455109937,1.7182641194211894e-08,-1.3503083552402804e-10
554,-1.8572749993016613,3.143375814453634,1.7941342591462508,-0.0018313469285942071,-1.5709957426151833,1.7182641194211894e-08,-1.3503083552402804e-10
555,-1.857274673938457,3.143375814453634,1.7941342591462508,-0.0018313469285942071,-1.5718886515301806,1.7182641194211894e-08,-1.3503083552402804e-10
556,-1.8572749993016326,3.143375814453634,1.7941342591462508,-0.0018313469285942071,-1.5709960109080974,1.7182641194211894e-08,-1.3503083552402804e-10
557,-1.8572749993016602,3.143375814453634,1.7941342591462508,-0.0018313469285942071,-1.5709957995307913,1.7182641194211894e-08,-1.3503083552402804e-10
558,-1.8572749993016615,3.143375814453634,1.7941342591462508,-0.0018313469285942071,-1.5709957655952984,1.7182641194211894e-08,-1.3503083552402804e-10
559,-1.8572749993016617,3.143375814453634,1.7941342591462508,-0.0018313469285942071,-1.5709957555531462,1.7182641194211894e-08,-1.3503083552402804e-10
560,-1.8572749993016613,3.143375814453634,1.7941342591462508,-0.0018313469285942071,-1.5709957525569143,1.7182641194211894e-08,-1.3503083552402804e-10
561,-1.8572749993016613,3.143375814453634,1.7941342591462508,-0.0018313469285942071,-1.5709957585493781,1.7182641194211894e-08,-1.3503083552402804e-10
562,-1.8572749993016617,3.143375814453634,1.7941342591462508,-0.0018313469285942071,-1.5709957555531462,1.7182641194211894e-08,-1.3503083552402804e-10
563,-1.6840809331958562,3.143375814453634,1.7941342591462508,-0.0018313469285942071,-1.5709957555531462,1.000000017182641,-1.3503083552402804e-10
564,-1.4627280999746737,3.143375814453634,1.7941342591462508,-0.0018313469285942071,-1.5709957555531462,-1.6180339828173589,-1.3503083552402804e-10
565,-1.7875823026160778,3.143375814453634,1.7941342591462508,-0.0018313469285942071,-1.5709957555531462,-0.6180339576613588,-1.3503083552402804e-10
566,-1.8301235219341547,3.143375814453634,1.7941342591462508,-0.0018313469285942071,-1.5709957555531462,0.3819660171826412,-1.3503083552402804e-10
567,-1.857273969878079,3.143375814453634,1.7941342591462508,-0.0018313469285942071,-1.5709957555531462,-0.0023376625445859713,-1.3503083552402804e-10
568,-1.857274999263536,3.143375814453634,1.7941342591462508,-0.0018313469285942071,-1.5709957555531462,1.422634456716568e-05,-1.3503083552402804e-10
569,-1.8572749993016617,3.143375814453634,1.7941342591462508,-0.0018313469285942071,-1.5709957555531462,-2.6392995465471232e-11,-1.3503083552402804e-10
570,-1.8572749993016617,3.143375814453634,1.7941342591462508,-0.0018313469285942071,-1.5709957555531462,8.578124099373211e-09,-1.3503083552402804e-10
571,-1.8572749993016617,3.143375814453634,1.7941342591462508,-0.0018313469285942071,-1.5709957555531462,5.29149112272606e-09,-1.3503083552402804e-10
572,-1.8572749993016617,3.143375814453634,1.7941342591462508,-0.0018313469285942071,-1.5709957555531462,3.2602401976369133e-09,-1.3503083552402804e-10
573,-1.8572749993016617,3.143375814453634,1.7941342591462508,-0.0018313469285942071,-1.5709957555531462,2.004858063400368e-09,-1.3503083552402804e-10
574,-1.8572749993016617,3.143375814453634,1.7941342591462508,-0.0018313469285942071,-1.5709957555531462,1.2289892214496176e-09,-1.3503083552402804e-10
575,-1.8572749993016617,3.143375814453634,1.7941342591462508,-0.0018313469285942071,-1.5709957555531462,7.494758975834284e-10,-1.3503083552402804e-10
576,-1.8572749993016617,3.143375814453634,1.7941342591462508,-0.0018313469285942071,-1.5709957555531462,4.5312035998111395e-10,-1.3503083552402804e-10
577,-1.8572749993016617,3.143375814453634,1.7941342591462508,-0.0018313469285942071,-1.5709957555531462,2.6996256165460317e-10,-1.3503083552402804e-10
578,-1.8572749993016617,3.143375814453634,1.7941342591462508,-0.0018313469285942071,-1.5709957555531462,2.6996256165460317e-10,-1.3503083552402804e-10
579,-1.684080953315506,3.143375814453634,1.7941342591462508,-0.0018313469285942071,-1.5709957555531462,2.6996256165460317e-10,0.9999999998649691
580,-1.462728126787129,3.143375814453634,1.7941342591462508,-0.0018313469285942071,-1.5709957555531462,2.6996256165460317e-10,-1.6180340001350308
581,-1.7875823047233002,3.143375814453634,1.7941342591462508,-0.0018313469285942071,-1.5709957555531462,2.6996256165460317e-10,-0.6180339749790309
582,-1.8301235266593483,3.143375814453634,1.7941342591462508,-0.0018313469285942071,-1.5709957555531462,2.6996256165460317e-10,0.3819659998649692
583,-1.8572739698779333,3.143375814453634,1.7941342591462508,-0.0018313469285942071,-1.5709957555531462,2.6996256165460317e-10,-0.0023376628117901845
584,-1.8572749992635356,3.143375814453634,1.7941342591462508,-0.0018313469285942071,-1.5709957555531462,2.6996256165460317e-10,1.4226446438116956e-05
585,-1.8572749993016617,3.143375814453634,1.7941342591462508,-0.0018313469285942071,-1.5709957555531462,2.6996256165460317e-10,2.2373325603779986e-12
586,-1.8572749993016617,3.143375814453634,1.7941342591462508,-0.0018313469285942071,-1.5709957555531462,2.6996256165460317e-10,-6.639675148182502e-11
587,-1.8572749993016617,3.143375814453634,1.7941342591462508,-0.0018313469285942071,-1.5709957555531462,2.6996256165460317e-10,-9.261263802708915e-11
588,-1.8572749993016617,3.143375814453634,1.7941342591462508,-0.0018313469285942071,-1.5709957555531462,2.6996256165460317e-10,-1.088149472522049e-10
589,-1.8572749993016617,3.143375814453634,1.7941342591462508,-0.0018313469285942071,-1.5709957555531462,2.6996256165460317e-10,-1.1907710613492312e-10
