model_name,seed,accuracy,precision,recall,f1,balanced_accuracy,brier_score,ece,recall_at_fixed_fpr,latency_ms_per_sample,parameter_count,training_time_s,tn,fp,fn,tp,roc_auc,pr_auc,notes,uncertainty_mode,backend_used
full,11,1.0,1.0,1.0,1.0,1.0,0.00023523143572215684,0.0026703366560130283,1.0,11.931348611110733,2592.0,240.2450045999999,216.0,0.0,0.0,144.0,1.0,1.0,"blend_weight_risk=0.00,temperature=0.80,val_pr_auc=1.0000",quantum,default.qubit
full,19,1.0,1.0,1.0,1.0,1.0,0.00020905036386030263,0.0052761065716266636,1.0,11.301957499999087,2592.0,249.29353160000028,246.0,0.0,0.0,114.0,1.0,1.0,"blend_weight_risk=1.00,temperature=0.80,val_pr_auc=1.0000",quantum,default.qubit
full,29,1.0,1.0,1.0,1.0,1.0,0.0004853814223646854,0.005153584030146398,1.0,11.805890000000039,2592.0,254.06670559999975,198.0,0.0,0.0,162.0,1.0,1.0,"blend_weight_risk=1.00,temperature=0.80,val_pr_auc=1.0000",quantum,default.qubit
no_fragility,11,1.0,1.0,1.0,1.0,1.0,0.00022603635881462714,0.0025864207027716446,1.0,11.585516944444407,2592.0,313.97470139999973,216.0,0.0,0.0,144.0,1.0,1.0,"blend_weight_risk=0.00,temperature=0.80,val_pr_auc=1.0000",quantum,default.qubit
no_fragility,19,1.0,1.0,1.0,1.0,1.0,0.0002688102041025575,0.00575802902272296,1.0,11.99519805555585,2592.0,243.64426150000008,246.0,0.0,0.0,114.0,1.0,1.0,"blend_weight_risk=1.00,temperature=0.80,val_pr_auc=1.0000",quantum,default.qubit
no_fragility,29,1.0,1.0,1.0,1.0,1.0,0.00019805744408148954,0.0030618191467914964,1.0,13.868723055555975,2592.0,544.5640512,198.0,0.0,0.0,162.0,1.0,1.0,"blend_weight_risk=1.00,temperature=0.90,val_pr_auc=1.0000",quantum,default.qubit
no_quantum,11,1.0,1.0,1.0,1.0,1.0,0.00023724990534989735,0.002703157201760189,1.0,0.031545555555744106,2543.0,1.0745710999999574,216.0,0.0,0.0,144.0,1.0,1.0,"blend_weight_risk=0.00,temperature=0.80,val_pr_auc=1.0000",zero,zero
no_quantum,19,1.0,1.0,1.0,1.0,1.0,0.00011687873827096414,0.003824710020570712,1.0,0.03143888888846252,2543.0,1.375412100000176,246.0,0.0,0.0,114.0,1.0,1.0,"blend_weight_risk=1.00,temperature=0.80,val_pr_auc=1.0000",zero,zero
no_quantum,29,1.0,1.0,1.0,1.0,1.0,0.0008788507345110537,0.005999221609737226,1.0,0.03192444444519222,2543.0,1.4722498999999516,198.0,0.0,0.0,162.0,1.0,1.0,"blend_weight_risk=1.00,temperature=0.90,val_pr_auc=1.0000",zero,zero
